id,text,embedding
A100,"제품 A100의 포장 이미지에는 케이블 2개가 보이나, 설명에는 1개로 기재되어 있음","[0.1,0.2,0.3,0.4,0.5]"
A200,"A200 매뉴얼에 최대 전력 120W 표기. 웹 설명은 90W.","[0.2,0.3,0.4,0.5,0.6]"
A300,"A300 모델 사진에서 버튼이 좌측에 있으나 스펙은 우측이라고 명시","[0.3,0.4,0.5,0.6,0.7]"
B100,"B100 패키지 사진과 설명이 일치하며, 구성품/색상/라벨 모두 동일","[0.8,0.9,0.1,0.2,0.3]"
B200,"B200 라벨 문구가 신형 규격으로 보임. 설명은 구형 규격으로 작성","[0.5,0.6,0.7,0.8,0.9]"
C100,"C100 사용자 매뉴얼과 제품 페이지의 사이즈 표기가 동일","[0.9,0.1,0.2,0.3,0.4]"

