[
  {
    "id": "img_cat1",
    "uri": "gs://cloud-samples-data/bigquery/tutorials/cymbal-pets/images/cat_1.jpg",
    "embedding_dim": 1408,
    "model_name": "multimodalembedding@001",
    "model_version": "001",
    "embedding_type": "image",
    "first_value": 0.002449539954591566,
    "second_value": -0.019591296356277182,
    "third_value": 0.015899814816154656
  },
  {
    "id": "img_dog1",
    "uri": "gs://cloud-samples-data/bigquery/tutorials/cymbal-pets/images/dog_1.jpg",
    "embedding_dim": 1408,
    "model_name": "multimodalembedding@001",
    "model_version": "001",
    "embedding_type": "image",
    "first_value": -0.04796923429624065,
    "second_value": -0.009981447526652483,
    "third_value": -0.030197389987957606
  },
  {
    "id": "img_dog2",
    "uri": "gs://cloud-samples-data/bigquery/tutorials/cymbal-pets/images/dog_2.jpg",
    "embedding_dim": 1408,
    "model_name": "multimodalembedding@001",
    "model_version": "001",
    "embedding_type": "image",
    "first_value": -0.021117241620552677,
    "second_value": 0.0294687069331724,
    "third_value": -0.025923595064753124
  }
]