[
  {
    "key": "img_dog1",
    "total_dimensions": 1408,
    "alpha_text": 1.0,
    "beta_struct": 0.5,
    "gamma_image": 0.5,
    "fusion_method": "Vertex AI + Z-score"
  },
  {
    "key": "img_cat1",
    "total_dimensions": 1408,
    "alpha_text": 1.0,
    "beta_struct": 0.5,
    "gamma_image": 0.5,
    "fusion_method": "Vertex AI + Z-score"
  },
  {
    "key": "img_dog2",
    "total_dimensions": 1408,
    "alpha_text": 1.0,
    "beta_struct": 0.5,
    "gamma_image": 0.5,
    "fusion_method": "Vertex AI + Z-score"
  },
  {
    "key": "A300",
    "total_dimensions": 771,
    "alpha_text": 1.0,
    "beta_struct": 0.5,
    "gamma_image": 0.5,
    "fusion_method": "Vertex AI + Z-score"
  },
  {
    "key": "A100",
    "total_dimensions": 771,
    "alpha_text": 1.0,
    "beta_struct": 0.5,
    "gamma_image": 0.5,
    "fusion_method": "Vertex AI + Z-score"
  }
]