id,ori,predict,semantic_distance,rule_score,semantic_dist,body
img_dog1,1.0000,1,1.0000,0.0000,0.0062,이미지 데이터
img_dog2,1.0000,1,1.0000,0.0000,0.0062,이미지 데이터
img_cat1,1.0000,1,1.0000,0.0000,0.0062,이미지 데이터
A200,0.3407,1,0.0581,0.0000,0.0006,A200 매뉴얼 120W, 웹 설명 90W
A100,0.3330,1,0.0471,0.0000,0.0005,제품 A100 포장 이미지엔 케이블 2개, 설명은 1개로 표기
A300,0.3152,1,0.0217,0.0000,0.0004,사진은 버튼 좌측, 스펙은 우측 명시
B100,0.3058,1,0.0083,0.0000,0.0003,B100 패키지와 설명이 완전히 일치
B200,0.3054,1,0.0077,0.0000,0.0003,B200 라벨은 신형 규격, 설명은 구형 규격
C100,0.3000,1,0.0000,0.0000,0.0003,C100 사이즈 표기가 매뉴얼=제품 페이지 동일
