rk,id,vec_score,kw_hit,body
1,A300,0.0000,0,사진은 버튼 좌측, 스펙은 우측 명시
2,B200,0.0014,0,B200 라벨은 신형 규격, 설명은 구형 규격
3,A200,0.0018,0,A200 매뉴얼 120W, 웹 설명 90W
4,B100,0.0021,0,B100 패키지와 설명이 완전히 일치
5,C100,0.0023,0,C100 사이즈 표기가 매뉴얼=제품 페이지 동일
6,A100,0.0028,0,제품 A100 포장 이미지엔 케이블 2개, 설명은 1개로 표기
7,A300,0.0063,0,사진은 버튼 좌측, 스펙은 우측 명시
8,C100,0.0119,0,C100 사이즈 표기가 매뉴얼=제품 페이지 동일
9,A200,0.0167,0,A200 매뉴얼 120W, 웹 설명 90W
10,img_dog1,0.0167,,이미지 데이터
