rk,id,vec_score_mm,kw_hit,body
1,C100,0.0003,0,C100 사이즈 표기가 매뉴얼=제품 페이지 동일
2,B200,0.0003,0,B200 라벨은 신형 규격, 설명은 구형 규격
3,B100,0.0003,0,B100 패키지와 설명이 완전히 일치
4,A300,0.0004,0,사진은 버튼 좌측, 스펙은 우측 명시
5,A100,0.0005,0,제품 A100 포장 이미지엔 케이블 2개, 설명은 1개로 표기
6,A200,0.0006,0,A200 매뉴얼 120W, 웹 설명 90W
7,img_dog2,0.0062,,이미지 데이터
8,img_dog1,0.0062,,이미지 데이터
9,img_cat1,0.0062,,이미지 데이터
