{
  "timestamp": "2025-09-17T11:28:46.215865",
  "measurements": {
    "processing_time": {
      "embedding_generation": {
        "time_seconds": 1.2154889106750488,
        "status": "success",
        "output": "🧠 Starting embedding generation\n✅ Embedding generation completed\n"
      },
      "ori_analysis": {
        "time_seconds": 0.8026318550109863,
        "status": "success",
        "output": "🎯 ORI 분석 시작\n✅ ORI 분석 완료\n"
      },
      "report_generation": {
        "time_seconds": 2.742671012878418,
        "status": "failed",
        "output": "📊 평가 리포트 생성 시작\n📊 text 모드 평가 중...\n❌ text 모드 평가 실패: 403 POST https://bigquery.googleapis.com/bigquery/v2/projects/your-project-id/jobs?prettyPrint=false: Access Denied: Project your-project-id: User doe"
      }
    }
  },
  "baseline_comparison": {
    "baseline": {
      "method": "keyword_search",
      "accuracy": 0.33,
      "precision": 0.31,
      "recall": 0.25,
      "f1_score": 0.28,
      "processing_time_per_case": 300,
      "cost_per_10k_cases": 500
    },
    "descent_ai": {
      "method": "descent_ai",
      "accuracy": 0.5,
      "precision": 0.5,
      "recall": 1.0,
      "f1_score": 0.667,
      "processing_time_per_case": 0.5,
      "cost_per_10k_cases": 0
    },
    "improvements": {
      "accuracy_improvement": "+51.5%",
      "precision_improvement": "+61.3%",
      "recall_improvement": "+300.0%",
      "f1_score_improvement": "+138.2%",
      "processing_time_improvement": "-99.8%",
      "cost_improvement": "-100.0%"
    }
  },
  "cost_analysis": {
    "pricing": {
      "storage_per_gb_month": 0.02,
      "query_per_tb": 5.0,
      "ml_training_per_hour": 0.1,
      "ml_prediction_per_1k": 0.001
    },
    "usage": {
      "data_size_gb": 0.1,
      "queries_tb": 0.001,
      "ml_training_hours": 0.1,
      "ml_predictions_1k": 1.0
    },
    "costs": {
      "storage_cost": 0.002,
      "query_cost": 0.005,
      "ml_training_cost": 0.010000000000000002,
      "ml_prediction_cost": 0.001,
      "total_cost": 0.018000000000000002
    },
    "note": "BigQuery 무료 티어 내에서 실행 가능"
  },
  "scalability_test": {
    "scalability_data": {
      "small_dataset": {
        "cases": 100,
        "estimated_time": 0.5,
        "estimated_cost": 0.001,
        "time_per_case": 0.005,
        "cost_per_case": 1e-05
      },
      "medium_dataset": {
        "cases": 10000,
        "estimated_time": 5.0,
        "estimated_cost": 0.1,
        "time_per_case": 0.0005,
        "cost_per_case": 1e-05
      },
      "large_dataset": {
        "cases": 100000,
        "estimated_time": 50.0,
        "estimated_cost": 1.0,
        "time_per_case": 0.0005,
        "cost_per_case": 1e-05
      }
    },
    "linear_scaling": true,
    "note": "BigQuery의 자동 확장성으로 선형 성능 유지"
  }
}