[
  {
    "mode": "multimodal",
    "id": "img_cat1",
    "ori": 1.0,
    "predict": 1,
    "semantic_distance": 1.0,
    "rule_score": 0.0
  },
  {
    "mode": "multimodal",
    "id": "img_dog1",
    "ori": 1.0,
    "predict": 1,
    "semantic_distance": 1.0,
    "rule_score": 0.0
  },
  {
    "mode": "multimodal",
    "id": "img_dog2",
    "ori": 1.0,
    "predict": 1,
    "semantic_distance": 1.0,
    "rule_score": 0.0
  },
  {
    "mode": "multimodal",
    "id": "A200",
    "ori": 0.34068989764138313,
    "predict": 1,
    "semantic_distance": 0.05812842520197592,
    "rule_score": 0.0
  },
  {
    "mode": "multimodal",
    "id": "A100",
    "ori": 0.33299839034397927,
    "predict": 1,
    "semantic_distance": 0.047140557634256126,
    "rule_score": 0.0
  },
  {
    "mode": "multimodal",
    "id": "A300",
    "ori": 0.3151938462297569,
    "predict": 1,
    "semantic_distance": 0.021705494613938378,
    "rule_score": 0.0
  },
  {
    "mode": "multimodal",
    "id": "B100",
    "ori": 0.3057793268710525,
    "predict": 1,
    "semantic_distance": 0.008256181244360743,
    "rule_score": 0.0
  },
  {
    "mode": "multimodal",
    "id": "B200",
    "ori": 0.3053578192417905,
    "predict": 1,
    "semantic_distance": 0.007654027488272171,
    "rule_score": 0.0
  },
  {
    "mode": "multimodal",
    "id": "C100",
    "ori": 0.3,
    "predict": 1,
    "semantic_distance": 0.0,
    "rule_score": 0.0
  },
  {
    "mode": "text",
    "id": "A100",
    "ori": 1.0,
    "predict": 1,
    "semantic_distance": 1.0,
    "rule_score": 0.0
  }
]